"name","stars","forks","openIssues","pushedAt","language"
"express",,20293,195,"2025-08-13T01:53:39.000Z","[""express"",""javascript"",""nodejs"",""server""]"
"multer",,1085,250,"2025-08-09T11:02:59.000Z","[]"
"morgan",,536,32,"2025-08-01T09:17:43.000Z","[""express"",""javascript"",""logger"",""nodejs""]"
"session",,993,101,"2025-08-01T20:31:58.000Z","[""expressjs"",""javascript"",""middleware"",""nodejs"",""session""]"
"cors",,485,31,"2025-08-01T14:46:55.000Z","[""cors"",""expressjs"",""javascript"",""middleware"",""nodejs""]"
"body-parser",,746,41,"2025-08-04T08:36:33.000Z","[""body"",""expressjs"",""javascript"",""json"",""middleware"",""nodejs"",""parser"",""urlencoded""]"
"expressjs.com",,1849,38,"2025-08-18T08:06:13.000Z","[""express"",""expressjs"",""javascript"",""nodejs"",""website""]"
"compression",,243,20,"2025-08-01T09:12:41.000Z","[""compression"",""deflate"",""expressjs"",""gzip"",""javascript"",""middleware"",""nodejs""]"
"csurf",,220,0,"2025-05-14T13:34:34.000Z","[""csrf"",""expressjs"",""javascript"",""middleware"",""nodejs""]"
"cookie-parser",,224,24,"2025-08-01T18:10:53.000Z","[""cookie"",""expressjs"",""javascript"",""middleware"",""nodejs""]"
"generator",,550,71,"2025-08-01T09:17:09.000Z","[""express"",""generator"",""javascript"",""nodejs""]"
"serve-static",,237,21,"2025-08-01T17:29:51.000Z","[""expressjs"",""javascript"",""middleware"",""nodejs"",""send"",""serve-files""]"
"cookie-session",,215,15,"2025-08-01T13:06:32.000Z","[""cookie"",""expressjs"",""javascript"",""middleware"",""nodejs"",""session""]"
"vhost",,91,12,"2025-08-01T14:02:27.000Z","[""expressjs"",""javascript"",""middleware"",""nodejs"",""vhost""]"
"serve-favicon",,76,4,"2025-08-01T10:13:55.000Z","[""expressjs"",""favicon"",""javascript"",""middleware"",""nodejs""]"
"method-override",,68,8,"2025-08-01T11:53:08.000Z","[""expressjs"",""javascript"",""method-override"",""middleware"",""nodejs""]"
"response-time",,77,4,"2025-08-01T17:30:30.000Z","[""javascript"",""middleware"",""nodejs"",""response-time""]"
"serve-index",,154,35,"2025-08-01T09:22:43.000Z","[""directory"",""expressjs"",""index"",""javascript"",""middleware"",""nodejs""]"
"errorhandler",,70,8,"2025-08-01T09:18:50.000Z","[""error"",""javascript"",""middleware"",""nodejs""]"
"express-paginate",,83,0,"2025-05-14T13:43:12.000Z","[]"
"connect-multiparty",,52,0,"2025-05-14T13:29:41.000Z","[]"
"express-namespace",,33,14,"2025-05-14T13:41:24.000Z","[]"
"timeout",,51,17,"2025-08-01T17:40:06.000Z","[""javascript"",""middleware"",""nodejs"",""timeout""]"
"express-expose",,26,0,"2025-05-14T13:38:31.000Z","[]"
"basic-auth-connect",,30,4,"2025-08-01T16:50:02.000Z","[]"
"domain-middleware",,14,0,"2025-05-14T13:37:02.000Z","[]"
"api-error-handler",,22,0,"2025-05-14T13:22:38.000Z","[]"
"flash",,21,0,"2025-05-14T13:47:14.000Z","[]"
"restful-router",,15,0,"2025-05-14T13:49:59.000Z","[]"
"discussions",,21,70,"2025-08-08T14:24:40.000Z","[]"
"urlrouter",,13,0,"2025-05-14T13:54:24.000Z","[]"
"vhostess",,7,0,"2025-05-14T13:55:49.000Z","[]"
"connect-markdown",,9,0,"2025-05-14T13:27:23.000Z","[]"
"expressjs.github.io",,12,0,"2025-05-14T13:45:14.000Z","[]"
"security-wg",,6,8,"2025-08-18T19:14:10.000Z","[]"
"routification",,7,0,"2025-05-14T13:51:21.000Z","[]"
"badgeboard",,7,0,"2025-05-14T13:26:07.000Z","[]"
"connect-rid",,9,0,"2025-05-14T13:30:27.000Z","[]"
"codemod",,5,6,"2025-08-01T22:26:29.000Z","[]"
"statusboard",,4,1,"2025-07-12T18:20:41.000Z","[]"
"perf-wg",,3,18,"2025-08-15T14:14:59.000Z","[]"
"mime-extended",,7,0,"2025-05-14T13:48:46.000Z","[]"
".github",,6,6,"2025-07-31T08:57:33.000Z","[]"
"set-type",,6,0,"2025-05-14T13:53:34.000Z","[]"
"admin",,3,2,"2024-03-05T22:34:42.000Z","[]"
"tooling",,2,4,"2025-01-13T08:49:49.000Z","[]"
"typescript-wg",,0,2,"2025-08-18T21:23:18.000Z","[]"